E,S,G,ESG
fossil_fuel,financial_inclusion,regulator,
greenhouse_gas_emission,develop_country,compliance,
fossil,emerge_economy,regulation,
greenhouse_gas,poverty,legal_counsel,
renewable_energy,africa,law_firm,
renewable_source,mobility,due_diligence,
global_warming,develop_nation,legal_framework,
natural_gas,prosperity,regulatory_framework,
co_emission,improve_life,investment_company,
air_pollution,emerge_market,security_law,
pollution,unbanked,legislation,
energy_source,affordability,private_equity,
solar_energy,empowerment,regulatory,
carbon_dioxide,livelihood,vc,
carbon_emission,underserve,investment_fund,
coal_oil,rural,firm,
climate_change,economic_development,international_law,
renewable_energy_source,rural_area,aml_kyc,
coal,billion_of_people,security_token,
energy_resource,economic_growth,security_regulation,
solar_wind,health_care,financial_institution,
energy_production,urban_work,broker-dealer,
hydropower,underserved,legal_requirement,
environmental_impact,reduce_poverty,investment_firm,
electricity_generation,financial_literacy,sto,
soil,underbanked,venture_capital,
food_production,improve_quality_life,capital_market,
impact_environment,poorest,law,
methane,unbanked_population,investor_protection,
power_generation,remote_area,lawyer,
reduce_emission,well-being,merger_acquisition,
fume,globalization,counsel,
wind_solar,society,ipo,
pollutant,underprivileged,company,
biomass,global_economy,due_diligence_process,
electricity_renewable,emerge_country,financial_regulator,
waste_energy,quality_life,legal_firm,
nitrogen_oxide,across_africa,incubator,
carbon_footprint,socio-economic,asset_manager,
wind_power,local_economy,kyc,
sunlight,sub-saharan_africa,government_body,
electricity_produce,middle_class,brickex,
combustion,cryptocurrency_adoption,advisory_firm,
geothermal,eco-tourism,regulatory_compliance,
wind_energy,modern_society,venture_capital_fund,
green_energy,democratization,startup,
hot_water,financially_exclude,ico,
natural_resource,health_care_system,legal,
hydrogen,living,market_supervisory_authority,
renewable,global_scale,kyc/aml,
heating,knowledge_economy,kyc_aml,
kerosene,microfinance,compliance_regulation,
crop_production,healthcare,legal_structure,
recycling,gig_economy,gibraltar,
waste_tyre,african,legal_procedure,
fuel_source,wealth_creation,government_regulator,
source_energy,developed_world,regulatory_body,
energy_mix,developed_country,regulatory_requirement,
deforestation,accessibility,fca,
nitrate,agricultural_sector,crypto_fund,
energy,people_life,financial_advisor,
energy_consumption,population,investment,
anthropogenic,internet_economy,bank_financial_institution,
non-renewable,living_standard,successful_ico,
energy_demand,wellbeing,regulatory_oversight,
fuel_consumption,unbanked_underbanked,taxation,
energy_use,affordable_accessible,anti-money,
energy_efficiency,improve_health,aml/cft,
energy_generation,young_people,local_regulator,
solar_power,prosperous,government,
forestry,lifestyle,wealth_manager,
energy_usage,low-income,kyc_process,
thermal_power_plant,democratize,equity,
carbon,under-banked,legal_adviser,
energy_produce,welfare,accredited_investor,
effect_climate_change,energy_service,investment_advisor,
heat,connectivity,joint_venture,
biofuel,humanity,investment_bank,
solar_panel,world_population,cryptocurrency_company,
intermittency,share_economy,funding,
bioplastic,traditional_banking,legal_affair,
fracking,million_of_people,organisation,
energy_storage,internet_penetration,accounting_firm,
food_security,financial_exclusion,institution,
harmful_emission,smartphone_penetration,institutional_investor,
pesticide,elderly,venture_capital_firm,
nuclear_power,paradigm_shift,regulated,
fertilizer,adoption_blockchain_technology,vc_fund,
carbon_dioxide_emission,access_internet,government_regulation,
clean_energy,disparity,corporate_governance,
electrification,access_banking_service,accredited,
greenhouse_effect,nation,tax_consultant,
population_growth,healthier,privacy_law,
sustainable_energy,human_life,fund_manager,
radiation,desperately_need,venture_funding,
electricity_demand,betterment,swiss_law,
energy_<num>,globalized,aml,
electrical_power,job_creation,england_wale,
residue,barrier,anti-money_laundering_aml,
water,sustainable,portfolio_company,
desalination,patient_empowerment,blockchain_company,
feedstock,mankind,security_trading,
petroleum,disposable_income,raise_capital,
sun_wind,health_wellness,private_equity_fund,
water_source,social_good,we_investor,
electrical_energy,affordable_housing,investment_banking_service,
carbon_monoxide,gender_equality,corporate_action,
hydroelectric,social_impact,commercial_bank,
diesel,rest_world,venture_capitalist,
food_energy,smallholder_farmer,governmental_body,
animal_feed,proliferation,desico_platform,
generate_electricity,borderless,advisory_role,
hydro,health_system,legal_advice,
wind_turbine,education,security_offering,
hydrocarbon,penetration,jurisdictional,
power_production,education_system,investment_adviser,
energy_system,global,financial_service_provider,
sustainable_affordable,grow_population,dlt_regulation,
earth_atmosphere,rich_poor,solicitor,
electricity_supply,inequality,mifid_ii,
human_health,younger_generation,financing,
urban_area,local_community,blockex,
fuel_cell,segment_population,general_datum_protection_regulation_gdpr,
landfill,value_creation,legal_compliance,
solar_pv,planet,fundraising,
renewable_resource,dignity,code_conduct,
irrigation,energy_market,cayman_island,
electricity,poor,corporate_structure,
coal-fired_power_plant,interconnectivity,blackmoon_platform,
power_source,global_population,oversight,
chemical,tourism_industry,security_exchange,
pollute,economy_scale,ensure_full_compliance,
wastewater,societal,venture,
power_plant,happiness,regulation_compliance,
centralized_grid,economic_empowerment,family_office,
exhaust_gas,healthcare_revolution,anti-money_laundering,
environmentally_friendly,ubiquity,monetary_authority_singapore,
clean_water,high-speed_internet,legal_advisor,
solar_photovoltaic,bank_unbanked,alternative_trading_system,
heavy_metal,wealth,local_government,
electric_power,banked,asset_tokenization,
polluted,village,institutional,
renewable_energy_production,digital_age,kyc_regulation,
air_water,across_industry,government_official,
nitrogen,health,trust_fund,
nuclear_power_plant,global_workforce,partner,
electricity_consumption,world,financial_supervisory_authority,
electricity_production,patient-centric,trustee,
electricity_grid,ubiquitous,government_around_world,
energy_security,income_class,structuring,
energy_requirement,food_supply,national_government,
produce_energy,care,swiss,
energy_need,healthcare_service,attorney,
municipal_solid_waste,business_community,equity_investor,
harmful_substance,refugee,legal_entity,
plastic_product,labour_market,financial_crime,
emission_atmosphere,socioeconomic,privacy_regulation,
electrolysis,innovation,investment_service,
electric_energy,economic_prosperity,certik,
cleaner,digitalization,finma,
water_pollution,small_farmer,private_sector,
produce_electricity,mobile_internet,project_finance,
energy_supply,trend_towards,kyc/aml_process,
energy_loss,disabled_people,anti_money_laundering,
freshwater,mobile_money,auditing_company,
nuclear_energy,asean,statutory,
energy_power_plant,health_industry,know_customer_kyc,
recycle,half_world_population,start-up,
water_consumption,mobile,ico_process,
greenhouse_emission,energy_access,channel_island,
biodiversity,underbanked_unbanked,non-governmental_organization,
microgrid,technological_innovation,kyc_aml_procedure,
wind,world-wide,regulatory_clarity,
catalytic,metropolitan_area,compliance_framework,
high_temperature,better_life,federal_act,
lighting,shift_towards,market-maker,
water_supply,latin_america,anti-money_laundering_regulation,
byproduct,underdeveloped_country,investment_vehicle,
conservation,india,real_estate_investment,
nutrient,economy,compliance_officer,
farming,equality,reit,
ghg,healthcare_system,investment_policy,
carbon_dioxide_co,society_whole,anti-money_laundering_act,
atmosphere,adoption_cryptocurrency,seed_investor,
pellet,esport_industry,financial_conduct_authority_fca,
ghg_emission,agriculture_and_food_sector,rating_agency,
banana,abundance,finra,
water_resource,smart_phone,finance,
warmer,healthcare_sector,foreign_investment,
drinking_water,workforce,cftc,
nonrenewable,needy,advise,
infrared,education_health,fundraiser,
exhaust_fume,global_health,general_partner,
warming,many_country,investment_activity,
ethanol,cost_savings,equity_investment,
thorium,sustainability,equity_market,
heating_system,impact_economy,technology_company,
consumption_electricity,border,legal_tax,
climate,urbanisation,fintech_company,
waste_disposal,less_fortunate,international_law_firm,
toxic,transportation_industry,regulatory_rule,
energy_intensity,social_interaction,security_exchange_commission,
fertiliser,mobile_health,equity_crowdfunding,
coal-fired,crypto_mining,mfsa,
digestion,technological_advancement,blockchain_startup,
contamination,flow_capital,investment_company_act,
food_water,quality_healthcare,initial_coin_offering,
heat_energy,rapid_expansion,corporate_law,
wood,literacy,federal_state,
furnace,technological_advance,venture_fund,
natural_environment,woman,malta,
install_capacity,cost_efficiency,policy,
electricity_usage,buying_power,ico_issuer,
thermal_energy,knowledge_sharing,private_investor,
energy_cost,urban_environment,investment_structure,
aquifer,goal_<num>,private_equity_firm,
food_waste,telecom_market,cryptocurrency_operation,
purification,impact_society,security_firm,
depletion,southeast_asia,respon_sibility,
cost_electricity,cryptoeconomy,security_lawyer,
hydropower_plant,leapfrog,member_board,
sanitation,modern_economy,security_company,
agricultural_land,healthcare_market,investment_banker,
self-consumption,crypto-economy,legal_aspect,
inexhaustible,lending_market,industry_expert,
agriculture,asia,crypto_valley_association,
bacterium,market_economy,financial_conduct_authority,
internal_combustion_engine,crowdsourcing,trust_company,
renewable_generation,electricity_access,security_market,
thermal,live_rural,we_security_law,
alternative_energy_source,democracy,maecena,
damage_environment,communal,security_business,
agricultural_production,human_society,amf,
gasoline,resilience,fintech_startup,
greenhouse,cryptocurrency_ecosystem,legal_opinion,
hormone,move_toward,rule_<num>,
groundwater,disadvantaged,pension_fund,
biogas,capital_flow,non-us_investor,
electricity_generate,unprecedented,advisor,
power_consumption,commerce,legal_regulatory_compliance,
<num>_twh,poverty_alleviation,mas,
reduce_co_emission,underserved_market,publicly_list_company,
air_quality,revolution,financial_sector,
greener,low_middle,shareholder_voting,
thermally,inclusive,industry_association,
photosynthesis,untapped_potential,initial_coin_offering_ico,
plastic_waste,creative_industry,hedge_fund,
nuclear,developed_nation,eu_directive,
power_industry,ecology,investment_partnership,
roof,poorer,tokenized_fund,
waste_heat,wellness,cryptocurrency_regulation,
low-carbon,quality_education,audit_firm,
solar_thermal,planet_earth,consultancy,
cooling,youth,public_offering,
environmental,smart_city,compliance_policy,
ozone,remove_barrier,business_angel,
energy_output,online_education_platform,alternative_asset,
per_square_meter,unbanked_consumer,howey_test,
photovoltaic_pv,cryptocurrency_use,private_equity_investor,
liquefy,real_estate_industry,legal_financial,
agriculture_sector,m-pesa,bafin,
power_station,digital_economy,aml_process,
waste_management,south_asia,initial_public_offering,
crop_yield,healthcare_industry,regulator_finma,
produce_clean,urban_population,cayman,
energy_supplies,awareness,smart_valor,
urbanization,inclusivity,european_central_bank,
water_usage,life,invox_finance,
fuel_price,hospitality,qualification_process,
wind_power_plant,world_economy,publicly_trade,
energy_project,transcend,financial_industry,
uranium,especially_emerge_market,start-up_company,
dairy_product,tourism,tax_planning,
solar,blockchain_adoption,monetary_authority,
calorific_value,continuum,swiss_financial,
ozone_layer,modern_world,client_onboarding,
electricity_bill,impoverished,tokenized_investment_vehicle,
emission_reduction,multi-trillion,commodity_pool_operator,
harmful_environment,digitization,advisory_service,
energy_management_system,asia_africa,charter,
melting,health_production,regulation_d,
average_temperature,cryptocurrency_ownership,mutual_fund,
aluminium,improvement_quality,investment_space,
carbon_offset,enormous_potential,private_equity_investment,
water_treatment,traditional_banking_system,gibraltar_stock_exchange,
protein,cure_disease,advisory_board,
clean_renewable,wealthy,vc_firm,
edible,imbalance,malta_financial_service_authority,
twh,information_technology,angel_investor,
carbohydrate,people_disability,crypto_company,
energy_technology,mobile_phone_penetration,mining_company,
vertical_farming,philanthropy,organisational_structure,
traffic_congestion,vibrant,swiss_financial_market_supervisory_authority_finma,
fossil-fuel,trend_toward,executive_team,
wave_energy,west_africa,legal_scholar,
environment_protection,economic,self-regulatory_organization,
fluorescent,unbanked_people,management_structure,
energy_savings,economic_elite,business_development_company,
environmental_problem,underserved_population,crowd_angel,
soil_erosion,un_sustainable_development_goal,smart_contract_audit,
undeclared,market_growth,online_investment_platform,
zirconium-containing,across_planet,uk_government,
wind_farm,era,venture_capital_financing,
waste,middle-class,cannabis_company,
fao,real_estate_market,founder,
ferrous,food_system,tax_advisor,
sink,technological_revolution,legal_regulatory_framework,
detd,social_economic,tokenized_investment_fund,
energy_investment,healthcare_delivery,sovereign_wealth_fund,
oils,decentralization,non-accredited_investor,
water_temperature,university_knowledge,consulting_firm,
waste_water,culture,task_force,
conductivity,transportation_system,multinational_corporation,
colder,especially_develop_country,special_purpose_vehicle_spv,
cleanest,competitiveness,qualified_investor,
aquaculture,manufacturing_industry,incubation,
rural_community,uptake,financial_market_authority_fma,
power_generator,capitalism,singapore,
food_supply_chain,despite_rapid_growth,fund_raising,
purify,positive_impact,government_relation,
eaf_dust,job_market,investment_institution,
burial,national_economy,management_team,
energy_price,synergy,compliance_team,
plant-based,value-based_care,consultancy_firm,
energy_creation,public_sphere,investment_management,
intake,undeniably,trading_business,
oil_price,power_system,bitcoin_suisse,
vorax,particularly_develop_country,bank_lithuania,
food_crop,unite_nation_sustainable_development_goal,corporate_finance,
chlorine,meritocracy,separate_legal_entity,
radioactive,population_age,security_exchange_act,
straw,energy_economy,board_director,
phosphorus,uplifting,nonprofit_organization,
mwh,unemployment,continental_europe,
degradation,employment_opportunity,law_office,
mineral,reform,seed_round,
vegetable,mindset,equity_financing,
shoreline,sub_saharan_africa,healthcare_company,
environmentally,health_well-being,cfo,
disposable_plastic,aspiration,endowment,
electricity_price,leap,early-stage,
hazardous,ageing,multinational_company,
utility_grid,cashless_society,private_placement,
coastal,banking,funding_round,
water_purification,concentration_power,ico_space,
fertilization,greed,large_financial_institution,
solar_farm,global_village,alteum,
electromagnetic,empower_people,auctus_platform,
windmill,economic_sector,delaware,
environmental_pollution,affluence,cisa,
wastewater_management,knowledge-based,project_financing,
low_temperature,awaken,team_expert,
microorganism,public_health,wealth_management,
nitrous_oxide,cooonet,esma,
bess,next_wave,special_purpose_vehicle,
reservoir,sponsorship_economy,isle,
oxidize,customer_reach,accelerator,
electric_vehicle,unparalleled,pot_enthusiast,
energy_asset,thriving,company_structure,
terawatt-hour,profound,high_net_worth_individual,
government_subsidy,payment_industry,technology_start-up,
harmful_effect,frontier,supply_chain,
noise_level,poise,terrorism_cft,
generation_asset,depressed,we_security_exchange_commission,
<num>_degc,largely_untapped,several_successful_ico,
smallholder,cybersecurity_awareness,banking_industry,
age_population,common_interest,management_board,
fruit_vegetable,digital_transformation,blockchain_technology_company,
fishery,human_history,capital-raising,
diesel_fuel,economic_social,legal_consultant,
land_resource,movement_towards,cceg,
customer_site,low_level,capital_raising,
photovoltaic,increase_disposable_income,venture_financing,
potable,burgeon,advisory,
arctic,new_paradigm,tzero,
led,crypto_ecosystem,business_development,
power_producer,on-demand_economy,board_member,
energy_consume,smart_farming,think_tank,
fiber,centralisation,icobench.com,
gas_emission,global_economic_growth,senior_manager,
production_capacity,media_industry,financial_service_company,
<num>_tonne,huge_potential,council_member,
metabolism,bring_about,limited_liability_company,
glacier,crypto_economy,venture_capital_private,
petroleum-based,large_population,angel,
per_hectare,decentralized,pricewaterhousecooper_pwc,
overcapacity,dire_need,investment_committee,
ammonia,ehealth,cva,
urban,global_real_estate_market,investment_business,
renewable_energy_resource,internet_technology,fintech_sector,
reduction_emission,economic_impact,finance_company,
intensification,advancement_technology,management_role,
<num>_whitepaperwhitepaperblockchain,industry_growth,banking_finance,
carbon-based,disintermediation,venture_capital_funding,
wood_pellet,sustained_growth,sec-registered,
photovoltaic_panel,reimagine,investor_relation,
moisture,revitalize,financial_technology_company,
air_conditioning_system,grassroot,investment_team,
national_grid,digitisation,investment_manager,
fertile,market_efficiency,investment_banking,
boiler,profoundly,banking_expert,
incineration,e-commerce_industry,board_trustee,
hardware_cost,social_responsibility,financial_adviser,
dye,ingenuity,commercial_law,
energy_farm,polarization,venture_capital_private_equity,
contaminant,catalyze,startup_company,
impurity,disease_burden,venture_partner,
sun,greatly_accelerate,resso,
gw,elder,general_counsel,
energy_sun,disability,atf_lab,
increase_life_expectancy,self-employment,startup_business,
hydroponic,collaborative_economy,sro,
increase_productivity,optimism,ambisafe,
land_area,poverty_relief,business_advisor,
biopolymer,decentralization_transparency,c-level_executive,
solid_waste,quantum_leap,strategic_investment,
caloric,gdp_growth,neo_council,
metallurgy,shared_economy,acra,
meat,boundless,imummex,
hurricane,public_sector,fortune_<num>_company,
deuterium,turmoil,tax_accountant,
electric_motor,consumerism,certify_public_accountant,
food_shortage,food_agriculture,it_company,
panokseon_ii,blockchain_innovation,social_enterprise,
agricultural_produce,entrepreneurial,lloyd,
reforestation,peace,stock_corporation,
herbicide,social_entrepreneurship,company_founder,
antibiotic,inclusiveness,hedge_fund_manager,
sickness,greater_accessibility,early_stage_company,
sunshine,defi,headquarter_singapore,
algae_biomass,economic_political,mr._newcomb,
electric,mass_adoption_blockchain_technology,iconiq_lab,
strawberry,dynamism,private_equity_venture_capital,
tyre,energy_transition,advisor_founder,
rubber,humanitarian,thomson_reuter,
standard_living,energy_industry,divestiture,
ground_water,solidarity,barrister,
water_management,realm,accountancy,
aquatic,energy_revolution,senior_management_position,
turbine,generational,senior_partner,
nutritious,tradition,fongit,
absorption,capital_mobility,equity_company,
wind_technology,charitable_give,advise_a_number_of,
disintegrate,transportation_sector,gravitas_holding,
carcinogenic,liberalisation,malcolm,
electricity_cost,information_communication_technology,several_startup,
gas-fired,income_inequality,blockchain,
corrosion,financially_inclusive,advise_client,
food_safety,economic_relation,startup_accelerator,
steel,entrepreneurship,executive_management_team,
quartz_sand,green_economy,corporate_advisory,
pollute_environment,property_sector,consulting_company,
consume_electricity,impact_investment,growth_capital,
combustion_process,financial_intermediation,executive_management,
garbage,poverty_reduction,core_team_member,
non-ferrous,generosity,luxembourg,
synergie_group_weconan_whitepaper,access,allianz,
inhabitant,geography,kpmg,
wind_speed,income,intermediary,
carbon_black,cell_phone,previous_role,
refractory,impact_investing,newfund,
sea_level,dispersion,investment_group,
species,csr,manage_director,
radionuclide,,non-executive_director,
sulfur,,startup_incubator,
reduce_carbon_emission,,security_industry,
cbd_oil,,mr._yuan,
eco-alloy,,ernst_young,
mortality,,chartered_accountant,
health_care_cost,,advisory_committee,
wavelength,,fortune_<num>_enterprise,
gdp,,richard,
l.e.d.,,serve_advisor,
air_flow,,cfa,
dust,,finance_team,
hunger,,equity_partner,
peat,,td_canada_trust,
acid,,investment_arm,
milk,,morgan_stanley,
petrol,,non-executive,
oversupply,,experienced_entrepreneur,
copper,,sri,
dioxin,,unicredit,
wastage,,barclay,
paulownia,,andrew,
powder,,private_banking,
desertification,,sit_board,
gasification,,fieldfisher,
plantain,,llp,
corn,,zurich_switzerland,
cheese,,managing_director,
rot,,draper_dragon,
obesity,,chief_financial_officer,
toxin,,polymath,
irradiation,,sequoia_capital,
bee,,assistant_director,
insect,,programme_manager,
air_pressure,,vitaly,
ash,,chief_investment_officer,
physical_inactivity,,managing_partner,
food_wastage,,technology_startup,
calcium,,member_board_director,
paris_agreement,,board_advisor,
mwhmedical,,bnp_pariba,
sustainable_development,,pte_ltd,
save_planet,,executive_position,
carbon_neutral,,bounty,
carbon_price,,whitelist,
,,found_partner,
,,business_development_manager,
,,citibank,
,,zurich,
,,founding_partner,
,,softbank,
,,serial_entrepreneur_investor,
,,strategy_consultant,
,,manage_partner,
,,co-founder_manage_partner,
,,attorney_law,
,,prior_found,
,,utility,
,,airdrop,
,,advisors,
,,token_distribution,
